{
  "test/integration/pages/JourneyRunner.js.map": 1768519282125,
  "manifest.json": 1768519269705,
  "test/integration/pages/RisksList.js": 1768429618210,
  "test/integration/pages/JourneyRunner.js": 1768429618294,
  "test/integration/opaTests.qunit.js": 1768429617622,
  "test/integration/FirstJourney.js": 1768429618230,
  "test/testsuite.qunit.js": 1768429616834,
  "xs-app.json": 1768519269701,
  "test/integration/pages/RisksObjectPage.js": 1768429618210,
  "Component.js": 1768429615890,
  "test/integration/FirstJourney-dbg.js": 1768429618230,
  "test/integration/FirstJourney.js.map": 1768519282129,
  "test/integration/pages/JourneyRunner-dbg.js": 1768429618294,
  "i18n/i18n.properties": 1768429616282,
  "test/integration/opaTests.qunit-dbg.js": 1768429617622,
  "test/integration/opaTests.qunit.js.map": 1768519282126,
  "test/integration/pages/RisksList-dbg.js": 1768429618210,
  "test/integration/pages/RisksList.js.map": 1768519282125,
  "test/testsuite.qunit-dbg.js": 1768429616834,
  "test/testsuite.qunit.js.map": 1768519282129,
  "test/integration/pages/RisksObjectPage-dbg.js": 1768429618210,
  "test/integration/pages/RisksObjectPage.js.map": 1768519282129,
  "Component-dbg.js": 1768429615890,
  "Component.js.map": 1768519282129,
  "Component-preload.js": 1768519282328,
  "Component-preload.js.map": 1768519282328,
  "test/integration/opaTests.qunit.html": 1768429617622,
  "test/testsuite.qunit.html": 1768429616702,
  "test/flpSandbox.html": 1768429616702,
  "index.html": 1768429615998
}